448,0.0,250,0.4375,False,0.7170074673592978
30,0.04,5000,0.1875,True,0.6318260405862807
30,0.04,3000,0.4375,True,0.6446764820180767
30,0.04,4000,0.25,True,0.6371815365113699
30,0.02,2000,0.0,False,0.7718194380846432
30,0.02,5000,0.375,True,0.6515618223718462
30,0.02,3000,0.4375,True,0.6507867644134384
30,0.02,1000,0.1875,True,0.6306303402164403
30,0.08,2000,0.0,False,0.722716963874433
30,0.08,3000,0.375,True,0.6347086176056115
30,0.08,4000,0.3125,True,0.6056338588192521
30,0.08,1000,0.0625,True,0.6788558204590612
30,0.06,2000,0.4375,True,0.6270486072589205
30,0.06,3000,0.25,True,0.6391561376319246
30,0.06,1000,0.3125,True,0.6110827460743112
30,0.0,2000,0.3125,True,0.6690834314568195
30,0.0,5000,0.0625,True,0.6933636264803453
30,0.0,3000,0.1875,True,0.69150874418787
30,0.0,250,0.25,True,0.673438573332048
30,0.0,4000,0.4375,True,0.6805336289745421
30,0.0,1000,0.3125,True,0.6788847485684386
276,0.0,2000,0.0,False,0.708348002137101
276,0.0,250,0.0,False,0.789487830704982
276,0.0,1000,0.0,False,0.7985768848289108
297,0.0,2000,0.25,True,0.6554904176931136
375,0.0,2000,0.3125,True,0.510653397214617
351,0.0,2000,0.3125,True,0.7387080214589915
351,0.0,1000,0.125,True,0.6233039752119536
190,0.0,2000,0.0625,True,0.4738659041914966
157,0.0,250,0.1875,True,0.587879242587094
157,0.0,500,0.3125,True,0.6316627946808314
282,0.0,500,0.25,True,0.6660569450256065
139,0.0,2000,0.0,False,0.7099062017078808
139,0.0,250,0.0,False,0.7151897748218814
139,0.0,500,0.0625,True,0.47321696470251984
341,0.0,2000,0.375,True,0.5606630423231574
341,0.0,250,0.375,True,0.5902728529959849
131,0.0,500,0.5,True,0.6492452660941143
377,0.0,2000,0.375,True,0.723371521590636
99,0.0,250,0.25,True,0.6722127401964382
80,0.0,2000,0.5625,True,0.6269966726433226
80,0.0,250,0.25,True,0.5485949844208442
61,0.0,2000,0.4375,True,0.6137089038892602
61,0.0,250,0.3125,True,0.5458790396286297
264,0.0,2000,0.1875,True,0.6663772150828423
264,0.0,250,0.125,True,0.5910892416252042
466,0.0,250,0.375,True,0.5587160547190091
350,0.0,2000,0.0,False,0.7075421683309078
350,0.0,250,0.0,False,0.7691624029253348
226,0.0,2000,0.3125,True,0.4672409039137795
226,0.0,1000,0.0625,True,0.48481988411138915
171,0.0,2000,0.0,False,0.5572942135929888
171,0.0,500,0.0,False,0.575454227905827
267,0.0,2000,0.0,False,0.7013034343269992
267,0.0,1000,0.125,True,0.6792374020203539
101,0.0,250,0.25,True,0.574852085738115
121,0.0,250,0.3125,True,0.5263208300452076
121,0.0,500,0.375,True,0.5247217590910471
444,0.0,250,0.0,False,0.6881228153182563
241,0.0,2000,0.6875,True,0.5093876518235954
332,0.0,500,0.0,False,0.8661434941513436
332,0.0,1000,0.0,False,0.7021001181395745
57,0.0,2000,0.125,False,0.6435442698772122
57,0.0,250,0.0,False,0.6433533573407189
52,0.0,2000,0.0,False,0.728171023288517
52,0.0,250,0.375,True,0.5474744564220728
52,0.0,1000,0.0,False,0.6714575146242475
452,0.0,250,0.125,True,0.6216278985933957
330,0.0,2000,0.0,False,0.8225173119604781
330,0.0,500,0.0,False,0.5714252048899667
330,0.0,1000,0.0,False,0.551902050603461
15,0.04,5000,0.1875,True,0.6312608298217264
15,0.04,4000,0.0,False,0.6667787905634185
15,0.04,1000,0.0,False,0.5810711219215419
15,0.02,2000,0.0,False,0.6076918436658794
15,0.02,3000,0.0,False,0.6254394914577327
15,0.02,4000,0.1875,True,0.5637529522938942
15,0.02,1000,0.0,False,0.6346112562200035
15,0.08,2000,0.0,False,0.5987865464072925
15,0.08,3000,0.0,False,0.5922698928706345
15,0.08,4000,0.0,False,0.6906571466847112
15,0.08,1000,0.0,False,0.570214167162113
15,0.06,2000,0.0,False,0.5853242245516286
15,0.06,1000,0.5,True,0.4877104135194861
15,0.0,2000,0.0,False,0.6253257491820435
15,0.0,5000,0.375,True,0.5458177514353502
15,0.0,3000,0.0625,True,0.6572773991789435
15,0.0,250,0.3125,True,0.4179137852133926
15,0.0,4000,0.0,False,0.6662632801321161
15,0.0,500,0.0,False,0.6532008861491923
15,0.0,1000,0.4375,True,0.48808170793539624
219,0.0,500,0.0625,True,0.6922343396545494
193,0.0,2000,0.25,True,0.6359811187369889
193,0.0,500,0.4375,True,0.4293917144359499
306,0.0,2000,0.1875,True,0.5280939032640184
115,0.0,250,0.0,False,0.6399138134295891
115,0.0,1000,0.125,True,0.6594444831652101
23,0.04,2000,0.125,True,0.6030525857603405
23,0.04,5000,0.125,True,0.5881349371944765
23,0.04,3000,0.0,False,0.9539626197808584
23,0.04,4000,0.0,False,0.9360365109086058
23,0.04,1000,0.125,True,0.5769354484797132
23,0.02,2000,0.125,True,0.6102238944310132
23,0.02,5000,0.125,True,0.6066771068028467
23,0.02,3000,0.0,False,0.9107321963385242
23,0.02,4000,0.125,True,0.6124186319884586
23,0.02,1000,0.0,False,0.71680489804053
23,0.08,2000,0.0,False,0.9006816480297183
23,0.08,4000,0.0,False,0.9038193277182603
23,0.08,1000,0.0,False,0.8845636951397454
23,0.06,2000,0.125,True,0.5652256880931807
23,0.06,3000,0.0,False,0.9288843488907056
23,0.06,4000,0.125,True,0.5985995548348085
23,0.06,1000,0.125,True,0.577952772558319
23,0.0,2000,0.0,False,0.8436211390810595
23,0.0,5000,0.125,True,0.6369934787208725
23,0.0,3000,0.125,True,0.6375675814581874
23,0.0,250,0.125,True,0.6411923012244733
23,0.0,4000,0.375,True,0.6363279295393152
23,0.0,500,0.125,True,0.6347559882211694
23,0.0,1000,0.125,True,0.6378211357996179
109,0.0,500,0.375,True,0.5548872303546667
283,0.0,2000,0.25,True,0.5045644118132782
283,0.0,250,0.25,True,0.49887633085993077
283,0.0,1000,0.25,True,0.4439225037243953
108,0.0,250,0.1875,True,0.6637089486864765
108,0.0,500,0.1875,True,0.6763533125736728
108,0.0,1000,0.0625,True,0.6267005131403763
491,0.0,500,0.3125,True,0.6579648165168558
422,0.0,1000,0.0625,True,0.619501507285162
90,0.0,2000,0.375,True,0.6449163242506377
90,0.0,250,0.375,True,0.6267600693104151
90,0.0,500,0.375,True,0.6611206702142968
90,0.0,1000,0.4375,True,0.6628240879795377
72,0.0,250,0.5625,True,0.5997987498730997
72,0.0,500,0.5,True,0.4351120955317138
97,0.0,250,0.0625,True,0.6777777861333976
97,0.0,1000,0.125,True,0.6698756410255601
92,0.0,250,0.3125,True,0.4930988769859168
92,0.0,500,0.3125,True,0.4564753690749078
198,0.0,2000,0.0,False,0.5094455198276026
197,0.0,500,0.0,False,0.5784578372337817
59,0.0,2000,0.4375,True,0.6495004973056046
59,0.0,500,0.25,True,0.6328425801274316
49,0.04,2000,0.0,False,0.658960119367925
49,0.04,5000,0.0,False,0.7378667719218772
49,0.04,4000,0.125,True,0.5645859194510737
49,0.04,1000,0.0,False,0.6573185466808875
49,0.02,2000,0.0,False,0.7025476340719579
49,0.02,3000,0.125,True,0.5434762733175986
49,0.02,1000,0.125,False,0.727140684178551
49,0.08,2000,0.0,False,0.6992680387035759
49,0.08,3000,0.0,False,0.7009806100258512
49,0.08,4000,0.0,False,0.7306061605327733
49,0.08,1000,0.0,False,0.6970388595050364
49,0.06,2000,0.0,False,0.7030462110563923
49,0.06,3000,0.0,False,0.7398970694282914
49,0.06,4000,0.0,False,0.700503868289497
49,0.06,1000,0.0,False,0.6543042744138519
49,0.0,2000,0.0,False,0.7370258572171458
49,0.0,5000,0.0,False,0.7828398222089965
49,0.0,3000,0.375,False,0.7128737049049323
49,0.0,250,0.125,False,0.7027929326406922
49,0.0,4000,0.0,False,0.7612235632423305
49,0.0,500,0.0,False,0.6918621010181751
49,0.0,1000,0.0,False,0.7219772422205104
354,0.0,1000,0.6875,True,0.521066733561614
233,0.0,2000,0.25,True,0.5367262075709712
233,0.0,1000,0.0625,True,0.524080889334778
69,0.0,250,0.5,True,0.5745874272539148
69,0.0,500,0.625,True,0.6612046527285977
429,0.0,1000,0.125,True,0.650888125897552
266,0.0,2000,0.375,True,0.629745960959282
266,0.0,1000,0.4375,True,0.6431446629741063
50,0.04,2000,0.375,False,0.6707811348393597
50,0.04,5000,0.25,True,0.7110773605927798
50,0.04,3000,0.0,False,0.7285145220736513
50,0.04,4000,0.75,True,0.5192861720443178
50,0.04,1000,0.25,True,0.5989811252476877
50,0.02,2000,0.0,False,0.7362759548739765
50,0.02,5000,0.3125,True,0.539608020717112
50,0.02,3000,0.0,False,0.7643621149401446
50,0.02,4000,0.1875,True,0.5225309310926212
50,0.02,1000,0.375,True,0.522000598186547
50,0.08,2000,0.75,True,0.5326707560592694
50,0.08,3000,0.25,True,0.5101816054304337
50,0.08,4000,0.5,True,0.5751767081800303
50,0.08,1000,0.4375,False,0.6051511697180095
50,0.06,2000,0.375,True,0.486357357367915
50,0.06,3000,0.6875,True,0.5033507169397601
50,0.06,4000,0.5,False,0.6835545485540343
50,0.06,1000,0.375,False,0.6782935961005234
50,0.0,2000,0.75,True,0.5478878263047894
50,0.0,5000,0.75,True,0.5594675608718581
50,0.0,3000,0.0,False,0.7346555630418563
50,0.0,250,0.6875,True,0.5621691900414347
50,0.0,4000,0.75,False,0.6745046389305589
50,0.0,500,0.0,False,0.6948804577681696
50,0.0,1000,0.3125,True,0.517983490390695
38,0.04,2000,0.0,False,0.6069132457763542
38,0.04,3000,0.0,False,0.6369539689216516
38,0.04,4000,0.0,False,0.6219830875564004
38,0.04,1000,0.0,False,0.6599018001104782
38,0.02,5000,0.0,False,0.6330372309908401
38,0.08,2000,0.0,False,0.6089540185561361
38,0.08,3000,0.0,False,0.6202294647470027
38,0.08,4000,0.0,False,0.6824316922151169
38,0.08,1000,0.0,False,0.5991842327847071
38,0.06,2000,0.0,False,0.6893436550175535
38,0.06,3000,0.0,False,0.6116547344520032
38,0.06,1000,0.0,False,0.6576075391978083
38,0.0,2000,0.0,False,0.6834901033857131
38,0.0,250,0.0,False,0.5308458717210504
38,0.0,500,0.125,True,0.6044603210973499
38,0.0,1000,0.0,False,0.6517698355634706
25,0.04,5000,0.125,True,0.5662769796096422
25,0.04,3000,0.125,True,0.5526814573675298
25,0.04,4000,0.125,True,0.5573131108015175
25,0.04,1000,0.125,True,0.5627701313134416
25,0.02,2000,0.125,True,0.5816423292084203
25,0.02,3000,0.125,True,0.5698031923452052
25,0.02,4000,0.125,True,0.5703546569754033
25,0.02,1000,0.125,True,0.5829974471787693
25,0.08,2000,0.0,False,0.795448686466525
25,0.08,3000,0.0,False,0.8007140444922355
25,0.08,4000,0.0,False,0.7901228881053731
25,0.08,1000,0.125,True,0.5701640133428983
25,0.06,2000,0.125,True,0.5423529699757585
25,0.06,3000,0.0,False,0.7905114810944684
25,0.06,4000,0.0,False,0.788833197312924
25,0.06,1000,0.25,True,0.5528998600767274
25,0.0,2000,0.4375,True,0.5994946866676897
25,0.0,5000,0.4375,True,0.5986876490410264
25,0.0,3000,0.4375,True,0.597194909722623
25,0.0,250,0.4375,True,0.5934795290533885
25,0.0,4000,0.5,True,0.5981086831856856
25,0.0,1000,0.4375,True,0.6054306940652181
199,0.0,1000,0.0625,True,0.6265375757313524
367,0.0,250,0.125,True,0.6101558352940617
374,0.0,2000,0.25,True,0.6449259289729392
374,0.0,250,0.4375,True,0.6683764074013692
224,0.0,2000,0.25,True,0.5223669253332975
224,0.0,500,0.4375,True,0.5706563534961461
168,0.0,2000,0.0,False,0.7701418154079889
168,0.0,500,0.0,False,0.7847387062814588
363,0.0,1000,0.125,False,0.5829978042677657
170,0.0,2000,0.25,True,0.5787840762028199
170,0.0,500,0.5,True,0.5629471414473325
135,0.0,2000,0.5625,True,0.48694956265236516
135,0.0,250,0.25,True,0.5866052937661462
135,0.0,500,0.5625,True,0.5054063751583943
135,0.0,1000,0.3125,True,0.48289598720404536
313,0.0,2000,0.5,True,0.6915016697597436
134,0.0,250,0.3125,True,0.7317106157014318
134,0.0,500,0.1875,True,0.7089349239026663
142,0.0,2000,0.0,False,0.81013749842754
142,0.0,500,0.3125,True,0.6147914096520604
153,0.0,500,0.0,False,0.6054648555532679
2,0.04,2000,0.0,False,0.611194564444637
2,0.04,5000,0.0,False,0.9393473469347127
2,0.04,4000,0.0,False,0.9103834360156469
2,0.04,1000,0.0,False,0.6462968435309415
2,0.02,2000,0.0625,True,0.5847561177670325
2,0.02,5000,0.0,False,0.8638861147572932
2,0.02,3000,0.1875,True,0.556980251649807
2,0.02,4000,0.3125,True,0.49614876871580854
2,0.02,1000,0.0,False,0.6688286485854921
2,0.08,2000,0.0,False,0.6158234266267073
2,0.08,3000,0.0,False,0.8979411583041583
2,0.08,4000,0.0,False,0.9012007599076017
2,0.08,1000,0.0,False,0.5853131617007854
2,0.06,2000,0.0,False,0.8697746759681597
2,0.06,3000,0.0,False,0.9169800741897911
2,0.06,4000,0.0,False,0.8736021811999565
2,0.06,1000,0.0,False,0.915124654977285
2,0.0,2000,0.0,False,0.6637958128780905
2,0.0,5000,0.3125,True,0.5191786789402937
2,0.0,3000,0.0625,True,0.6249659408719569
2,0.0,250,0.25,True,0.603834107343099
2,0.0,4000,0.3125,True,0.5473518956525696
2,0.0,1000,0.0625,True,0.5998852539970021
125,0.0,250,0.375,True,0.519757348846387
125,0.0,1000,0.375,True,0.5128702892715068
234,0.0,2000,0.0625,True,0.6078036945880776
234,0.0,500,0.125,True,0.5929025099858828
245,0.0,2000,0.8125,False,0.5210369771813652
245,0.0,1000,0.25,True,0.29692566569227696
432,0.0,500,0.125,True,0.6335955870690335
432,0.0,1000,0.125,True,0.6550264169440385
63,0.0,2000,0.25,True,0.6127642310256092
63,0.0,250,0.125,True,0.5850964216478949
117,0.0,250,0.5625,True,0.5980809131123528
117,0.0,500,0.5,True,0.6152058561759289
383,0.0,2000,0.375,True,0.7332907580142123
383,0.0,1000,0.125,True,0.7027395140097205
500,0.0,250,0.25,True,0.8164046840044958
500,0.0,1000,0.0625,True,0.8090986443944788
252,0.0,2000,0.25,True,0.5796016842514268
252,0.0,500,0.0625,True,0.6719106547541489
78,0.0,2000,0.25,True,0.5225291321676235
78,0.0,250,0.625,True,0.5275604133460211
78,0.0,500,0.375,True,0.5192427798691508
223,0.0,2000,0.4375,True,0.5530522088624612
343,0.0,500,0.375,True,0.6279190381728003
343,0.0,1000,0.1875,True,0.642473436687905
392,0.0,1000,0.0,False,0.8157203219379282
470,0.0,250,0.0625,True,0.5956984445198562
470,0.0,1000,0.0,False,0.6114599086111998
62,0.0,250,0.4375,True,0.537421596967615
13,0.04,5000,0.375,True,0.4873297160539154
13,0.04,4000,0.1875,True,0.4784933883879764
13,0.04,1000,0.0625,True,0.45906400538974035
13,0.02,2000,0.0,False,0.5817473631204377
13,0.02,5000,0.1875,True,0.48076913772177615
13,0.02,3000,0.1875,True,0.4339144050889749
13,0.02,4000,0.25,True,0.4650331169261852
13,0.02,1000,0.0,False,0.5662532513559039
13,0.08,2000,0.0,False,0.6501822304278853
13,0.08,3000,0.25,True,0.4698994104186058
13,0.08,4000,0.1875,True,0.541602686027666
13,0.08,1000,0.0,False,0.45210910934307025
13,0.06,2000,0.0,False,0.6791802333197694
13,0.06,3000,0.1875,True,0.4404973191138469
13,0.06,4000,0.25,True,0.5058495923902507
13,0.06,1000,0.5,True,0.4247946392392925
13,0.0,2000,0.0,False,0.5618486823298933
13,0.0,5000,0.25,True,0.5093862967259716
13,0.0,3000,0.3125,True,0.45915639836260475
13,0.0,250,0.0,False,0.8195115434394689
13,0.0,4000,0.375,True,0.4889680559273772
13,0.0,500,0.0,False,0.7696533709624026
13,0.0,1000,0.0,False,0.8251520207799378
229,0.0,2000,0.125,True,0.597697267534777
6,0.04,2000,0.5625,True,0.4938629810291821
6,0.04,5000,0.5,True,0.47098410416705894
6,0.04,4000,0.3125,True,0.52713099988785
6,0.04,1000,0.5625,True,0.4339061738198386
6,0.02,2000,0.5625,True,0.24194412522659497
6,0.02,5000,0.5,True,0.438378288704206
6,0.02,3000,0.5,True,0.431268460907069
6,0.02,4000,0.625,True,0.4206269635370199
6,0.02,1000,0.5625,True,0.4370789210846862
6,0.08,2000,0.5,True,0.38780888782050577
6,0.08,3000,0.375,True,0.4703293950585192
6,0.08,4000,0.4375,True,0.3956503870036758
6,0.08,1000,0.3125,True,0.4467448854646765
6,0.06,2000,0.4375,True,0.4387483237463618
6,0.06,3000,0.375,True,0.5088650838399654
6,0.06,4000,0.375,True,0.3959517333670018
6,0.06,1000,0.3125,True,0.4769961608792193
6,0.0,2000,0.5625,True,0.3996680042814192
6,0.0,5000,0.5,True,0.4737450894593509
6,0.0,3000,0.5,True,0.3917551559519919
6,0.0,250,0.5625,True,0.33482470622463256
6,0.0,4000,0.5,True,0.44613308906025695
6,0.0,500,0.5625,True,0.22349772594128703
6,0.0,1000,0.5625,True,0.4895866228150057
112,0.0,250,0.75,True,0.5549971234758877
112,0.0,500,0.6875,True,0.5592944672993634
56,0.0,2000,0.0,False,0.6951532906181502
482,0.0,250,0.5,False,0.595620419411112
9,0.04,2000,0.4375,True,0.37202436485308293
9,0.04,5000,0.4375,True,0.4431922288026275
9,0.04,4000,0.4375,True,0.4314336116794318
9,0.04,1000,0.3125,True,0.38001717273007685
9,0.02,2000,0.125,True,0.3522983960352256
9,0.02,5000,0.0625,True,0.33666737019498794
9,0.02,3000,0.375,True,0.34943929935908147
9,0.02,4000,0.3125,True,0.31574997359947515
9,0.02,1000,0.375,True,0.36365408007397226
9,0.08,2000,0.125,True,0.41888522820687335
9,0.08,3000,0.4375,True,0.4572196500908804
9,0.08,4000,0.4375,True,0.4870364317567133
9,0.08,1000,0.125,True,0.38434479172852554
9,0.06,2000,0.25,True,0.5045136520816058
9,0.06,3000,0.4375,True,0.3672824941061283
9,0.06,4000,0.3125,True,0.5391699999102693
9,0.06,1000,0.5,True,0.39296048888245577
9,0.0,2000,0.25,True,0.4895344555375567
9,0.0,5000,0.25,True,0.6105466130100666
9,0.0,3000,0.3125,True,0.3857807752780953
9,0.0,250,0.3125,True,0.49448870681807044
9,0.0,4000,0.125,True,0.3550347106945224
9,0.0,1000,0.5625,True,0.3705964382769608
24,0.04,5000,0.0,False,0.8227006269674467
24,0.04,3000,0.3125,True,0.6409089867716216
24,0.04,4000,0.125,True,0.6559333261859688
24,0.04,1000,0.125,True,0.6332072581935704
24,0.02,2000,0.125,True,0.6357456537622493
24,0.02,5000,0.25,True,0.6753291100804779
24,0.02,3000,0.3125,True,0.6426417857964324
24,0.02,4000,0.4375,True,0.6513759051702926
24,0.02,1000,0.125,True,0.6389827731317415
24,0.08,2000,0.0,False,0.7439431739808572
24,0.08,3000,0.0,False,0.8355581482214649
24,0.08,4000,0.0,False,0.8662141910807896
24,0.08,1000,0.3125,True,0.6711666931172756
24,0.06,2000,0.125,True,0.6492259111409343
24,0.06,3000,0.0,False,0.7826533858732372
24,0.06,4000,0.0,False,0.8403048990160525
24,0.06,1000,0.0,False,0.8621569626175852
24,0.0,2000,0.125,True,0.6500795878591215
24,0.0,5000,0.0,False,0.8724691238440003
24,0.0,3000,0.125,True,0.6651552783245488
24,0.0,250,0.3125,True,0.6565682882851643
24,0.0,4000,0.0,False,0.8789788608325242
24,0.0,1000,0.25,True,0.659000463697958
353,0.0,2000,0.3125,True,0.773795617789496
309,0.0,2000,0.375,True,0.49437392314131595
309,0.0,1000,0.375,True,0.27601932749600155
93,0.0,250,0.0,False,0.840554136815688
93,0.0,500,0.0,False,0.8593428666746596
178,0.0,2000,0.375,False,0.6142943758132184
178,0.0,250,0.25,True,0.4315371715733121
270,0.0,2000,0.5,True,0.5855568314026697
270,0.0,1000,0.625,True,0.5834456160852126
189,0.0,2000,0.125,True,0.6324807461400549
239,0.0,2000,0.0625,True,0.7025830224774778
149,0.0,1000,0.5,True,0.661199159958278
247,0.0,2000,0.1875,True,0.5545889318584591
247,0.0,1000,0.3125,True,0.4697309127715514
188,0.0,2000,0.0,False,0.699202332350124
155,0.0,2000,0.375,True,0.5869158718223263
155,0.0,500,0.3125,False,0.5855239236111842
437,0.0,250,0.125,True,0.6091566527206856
437,0.0,500,0.125,True,0.6549784056126327
437,0.0,1000,0.1875,True,0.5781437288336149
255,0.0,250,0.25,True,0.6348076503393407
255,0.0,500,0.0,False,0.6329920985255938
366,0.0,2000,0.0,False,0.6705376364825002
355,0.0,2000,0.0,False,0.7691473655138767
355,0.0,250,0.0,False,0.8291428266208277
355,0.0,1000,0.0,False,0.8215597059218273
357,0.0,2000,0.4375,True,0.47972660787995464
357,0.0,1000,0.0625,True,0.67013825981371
60,0.0,250,0.625,True,0.3938121616537508
290,0.0,2000,0.125,True,0.6255056101398037
290,0.0,1000,0.25,True,0.6057659685671795
64,0.0,2000,0.3125,True,0.5238036819161066
64,0.0,500,0.25,True,0.5548021712109075
43,0.04,2000,0.375,True,0.6730958264905723
43,0.04,5000,0.25,True,0.4786119543669973
43,0.04,4000,0.5625,True,0.4131973311257189
43,0.04,1000,0.625,True,0.7389925918009065
43,0.02,2000,0.0625,True,0.7421964122352119
43,0.02,5000,0.5,True,0.4360195269775015
43,0.02,3000,0.25,True,0.6791683154754639
43,0.02,4000,0.5,True,0.39200513852043484
43,0.02,1000,0.25,True,0.697811630760625
43,0.08,2000,0.375,True,0.677178848997684
43,0.08,3000,0.4375,True,0.5010978618012106
43,0.08,4000,0.4375,True,0.5030665718120527
43,0.08,1000,0.6875,True,0.5398721249253972
43,0.06,2000,0.25,True,0.7174017558998511
43,0.06,3000,0.25,True,0.7096440573131909
43,0.06,4000,0.4375,True,0.49777226294329413
43,0.06,1000,0.125,True,0.7645673384818785
43,0.0,2000,0.25,True,0.731450291106358
43,0.0,5000,0.375,True,0.44714110797326906
43,0.0,3000,0.25,True,0.72393354860661
43,0.0,250,0.8125,True,0.7340392680676896
43,0.0,4000,0.4375,True,0.4301447515303683
43,0.0,1000,0.3125,True,0.7246934013747773
119,0.0,250,0.375,True,0.4930896124851107
119,0.0,500,0.5,True,0.5711206216300512
257,0.0,2000,0.0,False,0.5863027439850831
338,0.0,1000,0.3125,True,0.7165718539792787
67,0.0,2000,0.125,True,0.48008733028208206
434,0.0,1000,0.625,True,0.5430420401589733
260,0.0,2000,0.4375,True,0.5299928938472858
260,0.0,500,0.3125,True,0.547934070360913
379,0.0,2000,0.125,True,0.6078649306092194
379,0.0,250,0.375,True,0.694773485787641
379,0.0,1000,0.3125,True,0.6422833400568208
4,0.04,2000,0.0625,True,0.6449670086809126
4,0.04,5000,0.25,True,0.6478060567082222
4,0.04,4000,0.1875,True,0.6555236350878977
4,0.04,1000,0.25,True,0.63735060524712
4,0.02,2000,0.25,True,0.6693430927344032
4,0.02,5000,0.0625,True,0.682501786608544
4,0.02,3000,0.3125,True,0.6976740644682846
4,0.02,4000,0.0625,True,0.709098404816023
4,0.02,1000,0.25,True,0.6337550944173054
4,0.08,2000,0.0625,True,0.6583702905516227
4,0.08,4000,0.25,True,0.6515160845875092
4,0.08,1000,0.3125,True,0.6534375111922509
4,0.06,2000,0.3125,True,0.6443696155125934
4,0.06,3000,0.0625,True,0.6714708900127092
4,0.06,1000,0.0,False,0.7821608035192262
4,0.0,2000,0.0625,True,0.7094529060718675
4,0.0,3000,0.3125,True,0.6996195289373136
4,0.0,250,0.1875,True,0.7285398990174874
4,0.0,1000,0.3125,True,0.652749247559244
46,0.04,2000,0.0625,True,0.43904222396584924
46,0.04,5000,0.0,False,0.6973392834366023
46,0.04,3000,0.25,True,0.5626521770277892
46,0.04,4000,0.125,True,0.5288128577107442
46,0.04,1000,0.125,True,0.456667819602949
46,0.02,2000,0.375,True,0.4668835222016646
46,0.02,5000,0.3125,True,0.462690072866641
46,0.02,3000,0.125,True,0.5724954419986457
46,0.02,4000,0.1875,True,0.6961813030055914
46,0.02,1000,0.25,True,0.441269616501201
46,0.08,2000,0.1875,True,0.589702133299373
46,0.08,3000,0.0625,True,0.5050028574546932
46,0.08,4000,0.1875,True,0.515387262119149
46,0.08,1000,0.125,True,0.47336137421494795
46,0.06,2000,0.25,True,0.5418375747960812
46,0.06,3000,0.0625,True,0.49560122973966503
46,0.06,4000,0.125,True,0.5167300699190016
46,0.06,1000,0.25,True,0.5248849204553911
46,0.0,2000,0.125,True,0.5711986350681304
46,0.0,5000,0.3125,True,0.5280987050996109
46,0.0,3000,0.1875,True,0.5107305312146483
46,0.0,250,0.0,False,0.7159584210290981
46,0.0,4000,0.3125,True,0.5571545417797223
46,0.0,500,0.25,True,0.4643630065653923
46,0.0,1000,0.125,True,0.5664506568994049
292,0.0,2000,0.0,False,0.7621118444552615
292,0.0,250,0.0625,True,0.6115997054978894
292,0.0,1000,0.0,False,0.7213998616992968
428,0.0,1000,0.6875,True,0.657478448876074
409,0.0,1000,0.0,False,0.7437855015698619
183,0.0,2000,0.25,True,0.614295948997926
183,0.0,250,0.4375,True,0.5975476604764186
74,0.0,2000,0.1875,True,0.7137211100600711
74,0.0,250,0.25,True,0.7128005699541562
74,0.0,1000,0.1875,True,0.7065626309080646
210,0.0,2000,0.0625,True,0.6444742700367889
321,0.0,2000,0.0,False,0.8065515934306855
321,0.0,1000,0.25,True,0.5940503181550181
287,0.0,2000,0.0,False,0.6650049607977704
287,0.0,1000,0.0,False,0.6781866442982992
243,0.0,2000,0.25,True,0.506877171871898
243,0.0,500,0.25,True,0.5030797292379366
243,0.0,1000,0.25,True,0.5160778943914374
298,0.0,500,0.0,False,0.7232829291617625
163,0.0,2000,0.5,True,0.5972462037251146
163,0.0,500,0.3125,False,0.6486821213875452
163,0.0,1000,0.3125,False,0.6074935776826629
317,0.0,2000,0.4375,True,0.49879845972779396
317,0.0,1000,0.4375,True,0.5107515595249237
326,0.0,2000,0.5,True,0.5381783613663553
326,0.0,500,0.625,True,0.5555659195153497
17,0.04,2000,0.25,True,0.671020370860318
17,0.04,5000,0.1875,True,0.6829721862195974
17,0.04,4000,0.3125,True,0.6588677604969077
17,0.04,1000,0.25,True,0.6579374683385952
17,0.02,2000,0.1875,True,0.718313499420067
17,0.02,3000,0.25,True,0.6868559908773242
17,0.02,4000,0.25,True,0.6799837569213194
17,0.02,1000,0.3125,True,0.6705803705395097
17,0.08,2000,0.0,False,0.725226381943829
17,0.08,3000,0.1875,True,0.6595676485821231
17,0.08,4000,0.0,False,0.7484378720084632
17,0.08,1000,0.3125,True,0.6755737489707673
17,0.06,2000,0.25,True,0.6987330480478373
17,0.06,3000,0.0625,True,0.7420033078097699
17,0.06,4000,0.3125,True,0.7409155835390799
17,0.06,1000,0.0,False,0.8030273548867801
17,0.0,2000,0.3125,True,0.6606597749587481
17,0.0,5000,0.3125,True,0.7121266698077813
17,0.0,250,0.1875,True,0.7014676638943462
17,0.0,4000,0.1875,True,0.7254769633466527
17,0.0,1000,0.25,True,0.7306007259089516
333,0.0,2000,0.375,True,0.5257662558101162
333,0.0,500,0.4375,True,0.5543010473215584
333,0.0,1000,0.0,False,0.5405661142496916
206,0.0,2000,0.0,False,0.7548397248798756
310,0.0,2000,0.125,True,0.5384294447271979
310,0.0,1000,0.0625,True,0.5608079941599322
5,0.04,2000,0.0,False,0.62120996389055
5,0.04,5000,0.0,False,0.7564438089166304
5,0.04,4000,0.0,False,0.694041820397983
5,0.04,1000,0.0,False,0.7149661003399961
5,0.02,2000,0.25,True,0.4551505369817471
5,0.02,5000,0.0,False,0.7149372009863787
5,0.02,3000,0.0,False,0.7224371249257097
5,0.02,4000,0.25,True,0.4691852772417959
5,0.02,1000,0.3125,False,0.7353989629459378
5,0.08,2000,0.0,False,0.668213670516916
5,0.08,4000,0.0,False,0.6946522960432469
5,0.08,1000,0.0,False,0.7262500547218069
5,0.06,2000,0.0,False,0.7290376751434957
5,0.06,3000,0.4375,False,0.7308654004523566
5,0.06,4000,0.0,False,0.7560993707200223
5,0.06,1000,0.125,True,0.5528316950648293
5,0.0,2000,0.0,False,0.7080595752843905
5,0.0,5000,0.375,False,0.6895123972567023
5,0.0,3000,0.3125,False,0.728575525525675
5,0.0,250,0.1875,True,0.5329077755963937
5,0.0,4000,0.0,False,0.6739922734124301
5,0.0,1000,0.0,False,0.7410918642485927
65,0.0,2000,0.375,True,0.5313655777761422
65,0.0,250,0.6875,True,0.5370972240696994
65,0.0,500,0.375,True,0.5317278469850062
231,0.0,2000,0.0,False,0.6003900845795423
231,0.0,1000,0.0,False,0.6732584683277707
148,0.0,500,0.1875,True,0.7141892622746291
195,0.0,2000,0.0,False,0.6405633366208581
195,0.0,500,0.0,False,0.6552169377482095
191,0.0,500,0.1875,True,0.526526659429353
381,0.0,250,0.0,False,0.788746083618357
381,0.0,1000,0.0,False,0.8044152060625591
35,0.04,2000,0.1875,True,0.4517047976120058
35,0.04,5000,0.0625,True,0.6218128895499198
35,0.04,3000,0.3125,True,0.48820750928178597
35,0.04,4000,0.0625,True,0.6922914648739223
35,0.04,1000,0.1875,True,0.4559973730711698
35,0.02,2000,0.1875,True,0.4781438864683526
35,0.02,3000,0.1875,True,0.6123753838357813
35,0.02,1000,0.25,True,0.45973564634868225
35,0.08,2000,0.1875,True,0.45516925916632905
35,0.08,3000,0.3125,True,0.45920214489370603
35,0.08,1000,0.3125,True,0.44071595298282323
35,0.06,2000,0.0,False,0.6261965816853993
35,0.06,3000,0.25,True,0.4576021228895859
35,0.06,1000,0.4375,True,0.4281710097221907
35,0.0,2000,0.4375,True,0.5074686823502769
35,0.0,5000,0.125,True,0.5774209252120549
35,0.0,3000,0.1875,True,0.5163917398185647
35,0.0,250,0.0,False,0.6671060376251324
35,0.0,500,0.0,False,0.6720911684038594
35,0.0,1000,0.4375,True,0.46259988612016417
196,0.0,2000,0.125,True,0.6943824637680933
196,0.0,500,0.125,True,0.6990077536113755
27,0.04,5000,0.0,False,0.6732382274226851
27,0.04,3000,0.0,False,0.6977621970559006
27,0.04,4000,0.0,False,0.7014899290476402
27,0.04,1000,0.0,False,0.69795883736833
27,0.02,2000,0.0,False,0.6796306855833909
27,0.02,5000,0.0,False,0.6684797253654811
27,0.02,3000,0.0,False,0.6757687224706767
27,0.02,4000,0.0,False,0.683754582408539
27,0.02,1000,0.125,True,0.5833982102579637
27,0.08,2000,0.0,False,0.62421843734542
27,0.08,4000,0.0,False,0.6330624990601501
27,0.08,1000,0.0,False,0.6374811477460949
27,0.06,2000,0.0,False,0.6775628946321711
27,0.06,3000,0.0,False,0.6571307183159634
27,0.06,4000,0.0,False,0.6668577707882751
27,0.06,1000,0.0,False,0.651815187534205
27,0.0,2000,0.125,True,0.5957146751260333
27,0.0,5000,0.0,False,0.6913530901932815
27,0.0,3000,0.0,False,0.6905216564318136
27,0.0,250,0.0,False,0.5982888957139283
27,0.0,4000,0.0,False,0.692487319381111
27,0.0,500,0.0,False,0.6365551717071907
27,0.0,1000,0.0,False,0.7277131172524678
360,0.0,2000,0.1875,True,0.5498239662909545
173,0.0,2000,0.5,True,0.3317189527089267
173,0.0,500,0.625,True,0.5275120263804413
173,0.0,1000,0.4375,True,0.34088350216871005
258,0.0,2000,0.0625,True,0.628592662559079
258,0.0,250,0.0625,True,0.6219903199345026
468,0.0,250,0.5,True,0.5561308017681079
100,0.0,500,0.5625,True,0.41836558834523835
291,0.0,2000,0.0,False,0.6904515946230454
441,0.0,500,0.4375,True,0.5136173306517072
441,0.0,1000,0.25,True,0.5117916537495167
3,0.04,2000,0.125,True,0.5769533819007725
3,0.04,5000,0.1875,True,0.6123244843791168
3,0.04,4000,0.0625,True,0.5795585649299397
3,0.04,1000,0.0,False,0.5771550229062262
3,0.02,2000,0.1875,True,0.5785919828724682
3,0.02,5000,0.125,True,0.6000886296575331
3,0.02,3000,0.0625,True,0.6247515547385918
3,0.02,4000,0.125,True,0.6083633681123772
3,0.02,1000,0.125,True,0.6727522952139066
3,0.08,2000,0.0,False,0.6041554379293944
3,0.08,3000,0.1875,True,0.5721828339580973
3,0.08,4000,0.125,True,0.583774228664503
3,0.08,1000,0.0,False,0.5639299857362351
3,0.06,2000,0.1875,True,0.5716430106250912
3,0.06,3000,0.25,True,0.5738006309203272
3,0.06,4000,0.125,True,0.5614932242081748
3,0.06,1000,0.0625,True,0.6332070775226667
3,0.0,2000,0.125,True,0.6238115327965108
3,0.0,5000,0.0625,True,0.6986226044307661
3,0.0,3000,0.0,False,0.6543082177960974
3,0.0,250,0.0,False,0.7605914207798972
3,0.0,4000,0.0625,True,0.640957180456728
3,0.0,1000,0.0,False,0.6133915251983622
214,0.0,500,0.25,True,0.6002158784299367
281,0.0,2000,0.0,False,0.6322065264322886
281,0.0,500,0.0,False,0.6489365554111594
281,0.0,1000,0.25,True,0.5787349973941381
307,0.0,2000,0.0625,True,0.7218965912579816
307,0.0,500,0.125,True,0.6970405848308071
158,0.0,500,0.6875,True,0.4797301547651391
296,0.0,2000,0.4375,True,0.5414067705599171
296,0.0,500,0.375,True,0.5389380860180271
164,0.0,2000,0.625,True,0.6159976010740875
164,0.0,500,0.5625,True,0.6009079887606245
244,0.0,500,0.3125,True,0.4198435724910492
244,0.0,1000,0.3125,True,0.4279220298997907
102,0.0,250,0.125,True,0.579525420000817
102,0.0,1000,0.625,True,0.5962739249507513
192,0.0,2000,0.125,True,0.524348549142935
85,0.0,2000,0.1875,True,0.6467966151939188
85,0.0,500,0.25,False,0.7174444172951464
19,0.04,2000,0.0,False,0.9279716962503819
19,0.04,5000,0.0,False,0.6148012115534769
19,0.04,4000,0.0,False,0.9357924989366432
19,0.04,1000,0.0,False,0.9324457554814481
19,0.02,2000,0.0,False,0.6287792843652934
19,0.02,5000,0.0,False,0.5930176927617153
19,0.02,3000,0.0625,True,0.6232426513968903
19,0.02,4000,0.0,False,0.6395521843932483
19,0.02,1000,0.0,False,0.6697655403299193
19,0.08,2000,0.0,False,0.8849078512975601
19,0.08,3000,0.0,False,0.8863358337116327
19,0.08,1000,0.0,False,0.8865450477086486
19,0.06,2000,0.0,False,0.9088918299649105
19,0.06,3000,0.0,False,0.9103283457223417
19,0.06,1000,0.0,False,0.9087833152139907
19,0.0,2000,0.0,False,0.6535139755607293
19,0.0,5000,0.0625,True,0.5761393428515735
19,0.0,3000,0.0625,True,0.6659446182210909
19,0.0,250,0.0,False,0.67956006504213
19,0.0,4000,0.0625,True,0.6668966354281991
19,0.0,500,0.0,False,0.6219927950320703
19,0.0,1000,0.0,False,0.6377213418324122
37,0.04,2000,0.25,True,0.5566576916403668
37,0.04,5000,0.0,False,0.6702193686616977
37,0.04,3000,0.0,False,0.6221860391886428
37,0.04,4000,0.0,False,0.7241516139340399
37,0.04,1000,0.1875,True,0.5359178812014204
37,0.02,2000,0.0625,True,0.6197844320436876
37,0.02,5000,0.0,False,0.6356602117106289
37,0.02,3000,0.0625,True,0.591227689168933
37,0.02,1000,0.0625,True,0.5983459584813687
37,0.08,2000,0.0625,True,0.6157510103477625
37,0.08,3000,0.0,False,0.848539084272573
37,0.08,1000,0.125,True,0.6142452433122982
37,0.06,2000,0.0625,True,0.5917455909259017
37,0.06,3000,0.0,False,0.6224683105431544
37,0.06,4000,0.0,False,0.6722916010098587
37,0.06,1000,0.125,True,0.5829507293264881
37,0.0,2000,0.125,True,0.5741639508956535
37,0.0,5000,0.0,False,0.6428804798699781
37,0.0,3000,0.25,True,0.6289778783182007
37,0.0,250,0.125,True,0.5525107021901692
37,0.0,4000,0.0,False,0.6104282928878138
37,0.0,1000,0.125,True,0.6184117748401943
365,0.0,2000,0.125,True,0.5965800104332974
289,0.0,2000,0.125,True,0.5336027225374866
289,0.0,250,0.25,True,0.4748224475081842
289,0.0,1000,0.1875,True,0.5076823954077467
55,0.0,1000,0.1875,True,0.4588655502234948
254,0.0,2000,0.5,True,0.6521270098579038
254,0.0,500,0.5625,True,0.6532184749103093
130,0.0,250,0.0,False,0.7544087865565811
76,0.0,2000,0.4375,True,0.5068687364719138
277,0.0,2000,0.3125,True,0.5984782029915118
277,0.0,250,0.75,True,0.6064785641140934
277,0.0,1000,0.3125,True,0.6177652142078377
82,0.0,250,0.25,True,0.6476069620676687
82,0.0,500,0.3125,True,0.7533699404918343
385,0.0,2000,0.4375,True,0.6706698158332671
385,0.0,250,0.25,True,0.5988271777330827
302,0.0,1000,0.4375,True,0.6073267949048463
1,0.04,2000,0.125,False,0.44549636616503396
1,0.04,5000,0.375,True,0.5436796218160626
1,0.04,3000,0.125,True,0.5790744746926573
1,0.04,4000,0.125,True,0.559335024119342
1,0.04,1000,0.0625,True,0.5964901506278182
1,0.02,2000,0.125,True,0.48119185994912395
1,0.02,5000,0.125,False,0.5692789881634027
1,0.02,3000,0.125,False,0.6474529873290072
1,0.02,4000,0.125,False,0.5510645019468479
1,0.02,1000,0.125,False,0.4773525907281437
1,0.08,2000,0.125,False,0.5666095591668558
1,0.08,3000,0.125,False,0.5736130100064307
1,0.08,1000,0.125,False,0.516380213391279
1,0.06,2000,0.125,True,0.5366382324932943
1,0.06,3000,0.125,False,0.6018182397834158
1,0.06,4000,0.125,False,0.5858055753316787
1,0.06,1000,0.125,False,0.5843564226655211
1,0.0,2000,0.125,False,0.6225001755776164
1,0.0,5000,0.125,True,0.4714271078134451
1,0.0,3000,0.125,True,0.473711406304404
1,0.0,250,0.125,False,0.6722903464485631
1,0.0,4000,0.125,True,0.4804541708451221
1,0.0,500,0.0625,True,0.5542778520263034
1,0.0,1000,0.125,False,0.540211594032733
20,0.04,2000,0.0,False,0.5765068583455172
20,0.04,5000,0.1875,True,0.6169055603488058
20,0.04,4000,0.0625,True,0.6108578667863871
20,0.04,1000,0.0625,True,0.6369717359521196
20,0.02,2000,0.0,False,0.5719737395231229
20,0.02,5000,0.3125,True,0.6217756141413514
20,0.02,3000,0.0625,True,0.6267436398550951
20,0.02,4000,0.25,True,0.5977311997187393
20,0.02,1000,0.0,False,0.663174798404133
20,0.08,2000,0.0,False,0.8884447837362941
20,0.08,1000,0.0,False,0.8815368959844376
20,0.06,2000,0.0625,True,0.6471488918943455
20,0.06,3000,0.0,False,0.9104364374066506
20,0.06,4000,0.0,False,0.9102562629764044
20,0.06,1000,0.0,False,0.6069345505772386
20,0.0,2000,0.125,True,0.611259954956427
20,0.0,5000,0.25,True,0.6471098704597781
20,0.0,3000,0.25,True,0.6256589598997526
20,0.0,250,0.125,True,0.6318285792373287
20,0.0,4000,0.25,True,0.6247120445951734
20,0.0,500,0.0625,True,0.5971218231974375
20,0.0,1000,0.1875,True,0.6923738367628669
51,0.0,2000,0.0,False,0.6177715172224069
51,0.0,250,0.0,False,0.7727973026449199
51,0.0,1000,0.0,False,0.6210157121904106
124,0.0,250,0.0625,True,0.5835444542494939
124,0.0,500,0.0625,True,0.5264714039201346
496,0.0,250,0.4375,True,0.5103219863834941
496,0.0,1000,0.3125,True,0.5149775949546317
279,0.0,2000,0.4375,True,0.6584843489251139
279,0.0,1000,0.3125,True,0.6498332356251846
41,0.04,2000,0.125,True,0.6346159585673256
41,0.04,5000,0.0,False,0.8426289204769449
41,0.04,3000,0.125,True,0.6066190420310097
41,0.04,4000,0.375,True,0.5801077159710984
41,0.04,1000,0.125,True,0.6442113279194954
41,0.02,2000,0.125,True,0.6444693310691766
41,0.02,5000,0.375,True,0.5612025042122446
41,0.02,3000,0.25,True,0.6361914035005282
41,0.02,1000,0.5625,True,0.551884518849411
41,0.08,2000,0.125,True,0.617606605398269
41,0.08,3000,0.0625,True,0.6476379634390622
41,0.08,4000,0.4375,True,0.5794761695808798
41,0.08,1000,0.0,False,0.6469209814815385
41,0.06,2000,0.125,True,0.6202160287165915
41,0.06,3000,0.0625,True,0.6066732825109928
41,0.06,4000,0.0,False,0.7280402969851107
41,0.06,1000,0.125,True,0.6369181398891387
41,0.0,2000,0.0625,True,0.6846987559652454
41,0.0,5000,0.375,True,0.600118149647396
41,0.0,3000,0.4375,True,0.5009851855755805
41,0.0,250,0.5,True,0.6946997447896524
41,0.0,4000,0.4375,True,0.6018678095898905
41,0.0,500,0.25,True,0.6718310428896281
41,0.0,1000,0.5625,True,0.6779497061846362
228,0.0,2000,0.25,False,0.6615803301723059
228,0.0,250,0.25,False,0.5997626258884157
26,0.04,2000,0.5,True,0.5131559150282012
26,0.04,3000,0.375,True,0.5000819698009531
26,0.04,4000,0.375,True,0.46983019458307795
26,0.04,1000,0.5,True,0.5247479482218005
26,0.02,2000,0.375,True,0.455687982769115
26,0.02,3000,0.5,True,0.49909084644203033
26,0.02,4000,0.3125,True,0.47538385879533396
26,0.08,2000,0.25,True,0.5575547897876274
26,0.08,3000,0.375,True,0.4837468383015104
26,0.08,1000,0.25,True,0.5202143268012407
26,0.06,2000,0.4375,True,0.4955174650974749
26,0.06,3000,0.375,True,0.4995605844182352
26,0.06,4000,0.375,True,0.4968289043156887
26,0.06,1000,0.4375,True,0.5025201794383695
26,0.0,2000,0.5,True,0.5170583664850493
26,0.0,250,0.375,True,0.45547241898237817
26,0.0,1000,0.4375,True,0.44440555024647094
294,0.0,2000,0.1875,True,0.5400545755663508
294,0.0,250,0.5625,True,0.4735313290828113
294,0.0,1000,0.1875,True,0.5274611058795031
459,0.0,250,0.1875,True,0.5482970063205503
430,0.0,250,0.5,True,0.6208608396049136
430,0.0,500,0.5625,True,0.6531627338466077
430,0.0,1000,0.4375,True,0.5922773473368547
318,0.0,2000,0.125,True,0.5432885660443185
263,0.0,2000,0.0,False,0.7775047079044042
263,0.0,500,0.0,False,0.6521195059572213
66,0.0,250,0.5,True,0.503322813507335
237,0.0,500,0.1875,True,0.509749180601288
280,0.0,2000,0.0,False,0.6073162674667306
280,0.0,1000,0.125,False,0.6480080856083773
336,0.0,2000,0.4375,True,0.37505154249533934
495,0.0,250,0.5625,True,0.5062851703396076
495,0.0,500,0.3125,True,0.47873113304940607
495,0.0,1000,0.375,True,0.4708516487378792
416,0.0,500,0.0,False,0.6305500579198214
416,0.0,1000,0.0,False,0.6049320887323717
111,0.0,250,0.5,False,0.5791441465523242
111,0.0,500,0.0,False,0.7083053888441339
225,0.0,2000,0.3125,True,0.5022709982518174
225,0.0,500,0.375,True,0.4853432149136286
182,0.0,2000,0.4375,True,0.6087232357175294
340,0.0,2000,0.3125,True,0.7169591325419845
246,0.0,1000,0.3125,True,0.4557809554946148
146,0.0,2000,0.0,False,0.5978421392745457
146,0.0,250,0.0,False,0.6060716907013869
146,0.0,500,0.0,False,0.6817431682508417
227,0.0,2000,0.25,True,0.533410997812368
227,0.0,500,0.5,True,0.48857398834676463
152,0.0,2000,0.5,True,0.5984972476424274
152,0.0,250,0.5625,True,0.5795907981618326
152,0.0,500,0.3125,True,0.6125919787708765
162,0.0,2000,0.0,False,0.642260806701814
162,0.0,500,0.0,False,0.6126215208139091
162,0.0,1000,0.0,False,0.6399872641741824
156,0.0,2000,0.75,True,0.5831955053460116
53,0.0,2000,0.1875,True,0.6941688296751918
53,0.0,250,0.5625,False,0.7803830032611772
53,0.0,1000,0.3125,True,0.6600219415934314
312,0.0,2000,0.125,True,0.6084638766652428
312,0.0,1000,0.0625,True,0.6411613547413658
403,0.0,500,0.0,False,0.5893276120120245
442,0.0,250,0.5,True,0.37461986228656907
442,0.0,500,0.25,True,0.399406284878748
442,0.0,1000,0.3125,True,0.4725917144530367
98,0.0,500,0.0,False,0.6956997383565907
209,0.0,2000,0.4375,True,0.5979527363609264
87,0.0,2000,0.5,True,0.6152653027389304
87,0.0,250,0.4375,True,0.6495457343203526
286,0.0,2000,0.0625,True,0.6806452864036574
286,0.0,500,0.0625,True,0.7589197868689499
128,0.0,250,0.1875,True,0.6005350119287338
128,0.0,500,0.375,True,0.5599802137991664
128,0.0,1000,0.125,True,0.5813927056491994
14,0.04,5000,0.25,True,0.6047692103510875
14,0.04,4000,0.3125,True,0.45133760377037746
14,0.04,1000,0.3125,True,0.477789843912246
14,0.02,2000,0.3125,True,0.4874665463897484
14,0.02,5000,0.125,True,0.6040599650163955
14,0.02,3000,0.4375,True,0.4912416096049595
14,0.02,4000,0.3125,True,0.4660333235969988
14,0.02,1000,0.4375,True,0.44851019347432247
14,0.08,2000,0.5625,True,0.48063495577974075
14,0.08,3000,0.75,True,0.510745664816579
14,0.08,1000,0.25,True,0.5375234070391921
14,0.06,2000,0.3125,True,0.4889081446459281
14,0.06,3000,0.75,True,0.4907729863671882
14,0.06,4000,0.25,True,0.4929830198884296
14,0.06,1000,0.25,True,0.47073865558063455
14,0.0,2000,0.4375,True,0.5281194894174757
14,0.0,5000,0.0625,True,0.6427024773598994
14,0.0,3000,0.4375,True,0.5236826224088474
14,0.0,250,0.4375,True,0.4928425442581357
14,0.0,4000,0.3125,True,0.5526801602471623
14,0.0,1000,0.4375,True,0.5089005511886044
141,0.0,2000,0.3125,True,0.5343450804219186
141,0.0,250,0.375,True,0.5327963560242562
308,0.0,2000,0.3125,True,0.621524347860934
308,0.0,1000,0.3125,True,0.6439242372975513
10,0.04,2000,0.1875,True,0.5290707270952681
10,0.04,5000,0.0,False,0.7246208420140602
10,0.04,4000,0.0,False,0.8122633768905544
10,0.04,1000,0.1875,True,0.5462075177262887
10,0.02,2000,0.0,False,0.7212373146714034
10,0.02,5000,0.0,False,0.6676408592550727
10,0.02,3000,0.1875,True,0.5458710413931236
10,0.02,4000,0.0,False,0.6832689255044477
10,0.02,1000,0.0,False,0.545033242325869
10,0.08,2000,0.0,False,0.8015952924869392
10,0.08,4000,0.0,False,0.8094244078728731
10,0.08,1000,0.0,False,0.7993783658222045
10,0.06,2000,0.1875,True,0.5382400350804805
10,0.06,3000,0.0,False,0.688472548157566
10,0.06,4000,0.0,False,0.7026082308760089
10,0.06,1000,0.1875,True,0.5571287968719912
10,0.0,2000,0.1875,True,0.5400202554628384
10,0.0,5000,0.0,False,0.6792315569421642
10,0.0,3000,0.1875,True,0.5577502886171949
10,0.0,250,0.1875,True,0.5425684397523892
10,0.0,4000,0.3125,True,0.5141983025068165
10,0.0,500,0.1875,True,0.5364057724172004
10,0.0,1000,0.3125,True,0.5620265691111883
165,0.0,2000,0.5,True,0.6364842690832031
230,0.0,2000,0.0625,True,0.5639869376490059
342,0.0,1000,0.25,True,0.6396490151974463
417,0.0,250,0.0625,True,0.629220798164889
417,0.0,500,0.25,True,0.6134988724668187
417,0.0,1000,0.0625,True,0.6181336224962053
91,0.0,250,0.0625,True,0.5862846953504608
91,0.0,500,0.25,True,0.5853257084702022
433,0.0,500,0.1875,True,0.731678273030478
347,0.0,2000,0.0625,True,0.41935563346090826
106,0.0,250,0.25,False,0.8385400596439322
106,0.0,500,0.0,False,0.7208021989727162
359,0.0,2000,0.0,False,0.8382630916312915
359,0.0,1000,0.0,False,0.8401928154441837
34,0.04,5000,0.0,False,0.7463402447257288
34,0.04,3000,0.0,False,0.6568051342110531
34,0.04,4000,0.0,False,0.6760592312491742
34,0.04,1000,0.0625,True,0.5047381400853699
34,0.02,2000,0.0,False,0.6540689037614992
34,0.02,3000,0.0,False,0.6630768212334216
34,0.02,1000,0.0,False,0.6541844871952859
34,0.08,2000,0.0625,True,0.541736390535009
34,0.08,3000,0.0625,True,0.5171601527934866
34,0.08,1000,0.0625,True,0.525363644522851
34,0.06,2000,0.0,False,0.6447959251118989
34,0.06,3000,0.0,False,0.6403270909945002
34,0.06,4000,0.0,False,0.6357654797136444
34,0.06,1000,0.0,False,0.6617603103027753
34,0.0,2000,0.0625,True,0.5874660626295736
34,0.0,3000,0.0,False,0.7198159441272265
34,0.0,250,0.0,False,0.7039663945028869
34,0.0,1000,0.0625,True,0.6553669970758839
268,0.0,250,0.5,True,0.39502073520452324
268,0.0,1000,0.25,True,0.4600849839162298
370,0.0,2000,0.0625,True,0.6669454238588817
370,0.0,250,0.25,True,0.675934804627839
370,0.0,1000,0.1875,True,0.6580160384514102
388,0.0,2000,0.25,True,0.41341077073054183
388,0.0,500,0.1875,True,0.43948354640661913
12,0.04,2000,0.0,False,0.6763257459078162
12,0.04,5000,0.0,False,0.7690796892996418
12,0.04,4000,0.0,False,0.7869372906176528
12,0.04,1000,0.0,False,0.7136499558912172
12,0.02,2000,0.0,False,0.7168360944672684
12,0.02,5000,0.0,False,0.8504828828341847
12,0.02,3000,0.0,False,0.7560351643021624
12,0.02,4000,0.0,False,0.8091295885383554
12,0.02,1000,0.0,False,0.6360953469229943
12,0.08,2000,0.0,False,0.6631043904416954
12,0.08,3000,0.0,False,0.7997699293195542
12,0.08,4000,0.0,False,0.7738986812392978
12,0.08,1000,0.0,False,0.6790131574975045
12,0.06,2000,0.0,False,0.6866685590696721
12,0.06,3000,0.0,False,0.7633708387861895
12,0.06,4000,0.0,False,0.7917078691173974
12,0.06,1000,0.0,False,0.6004519215032744
12,0.0,2000,0.0,False,0.721291452325618
12,0.0,5000,0.3125,True,0.689843231069575
12,0.0,3000,0.0625,True,0.7026077979549389
12,0.0,250,0.0,False,0.7227121650578442
12,0.0,4000,0.0625,True,0.7177786998344419
12,0.0,1000,0.0,False,0.7438211935844318
54,0.0,2000,0.0,False,0.6403541318909864
54,0.0,250,0.75,True,0.510353388297276
54,0.0,500,0.4375,False,0.709210392171298
54,0.0,1000,0.5625,True,0.4437462533139557
202,0.0,2000,0.1875,True,0.6758948018454205
177,0.0,2000,0.25,True,0.6279264683124851
177,0.0,500,0.25,True,0.628136343296945
498,0.0,1000,0.375,True,0.5462391336305048
362,0.0,2000,0.0,False,0.7852131349139175
138,0.0,2000,0.5,True,0.5783820388008889
138,0.0,500,0.75,True,0.3636458111135797
380,0.0,2000,0.5,True,0.559427325922967
107,0.0,250,0.1875,True,0.6616268995523755
107,0.0,1000,0.25,True,0.7161217164394121
262,0.0,2000,0.3125,True,0.5423095733492889
262,0.0,500,0.125,True,0.6212727783099448
187,0.0,2000,0.25,True,0.5310944592011192
186,0.0,2000,0.125,True,0.5727904968402802
299,0.0,500,0.0,False,0.7173055358264033
136,0.0,250,0.0625,True,0.6807887519079793
136,0.0,500,0.0625,True,0.6804285952624269
295,0.0,2000,0.25,False,0.6683079186887478
295,0.0,250,0.25,False,0.6784700613274124
295,0.0,1000,0.4375,True,0.5130788867160244
110,0.0,250,0.3125,True,0.7043512551374491
110,0.0,500,0.375,True,0.7055401305592451
285,0.0,500,0.3125,True,0.5740230043629065
324,0.0,1000,0.375,True,0.49664535501436036
22,0.04,2000,0.25,True,0.481208209109724
22,0.04,5000,0.625,True,0.41942530734117317
22,0.04,3000,0.8125,True,0.4910818173043955
22,0.04,1000,0.625,True,0.49289008972622456
22,0.02,2000,0.625,True,0.5081826049725855
22,0.02,1000,0.4375,True,0.4807099932714247
22,0.08,2000,0.6875,True,0.5192979921841017
22,0.08,3000,0.8125,True,0.36999067744046893
22,0.08,4000,0.625,True,0.4918208194271869
22,0.08,1000,0.5625,True,0.5158057667001456
22,0.06,1000,0.1875,True,0.4697380075226616
22,0.0,2000,0.375,True,0.43882552109126466
22,0.0,5000,0.75,True,0.5481979636647588
22,0.0,250,0.5,True,0.509429168219902
22,0.0,1000,0.75,True,0.5188856182011076
185,0.0,2000,0.3125,True,0.639167140441064
21,0.04,5000,0.375,True,0.472416684967813
21,0.04,3000,0.1875,True,0.5494878360137404
21,0.04,4000,0.375,True,0.530090857044837
21,0.04,1000,0.0625,True,0.5637951378383171
21,0.02,2000,0.25,True,0.5761959821714496
21,0.02,5000,0.125,True,0.4826299084637676
21,0.02,3000,0.25,True,0.5584124061429929
21,0.02,4000,0.375,True,0.5183891720632309
21,0.02,1000,0.0625,True,0.5922343427623694
21,0.08,2000,0.0625,True,0.6739122235164638
21,0.08,4000,0.0,False,0.7853885382134348
21,0.08,1000,0.0,False,0.7796856178209999
21,0.06,2000,0.0625,True,0.5620164668738657
21,0.06,3000,0.0,False,0.781587379707286
21,0.06,4000,0.3125,True,0.705175487029773
21,0.06,1000,0.0625,True,0.5832384067778563
21,0.0,2000,0.0625,True,0.6369711409975233
21,0.0,5000,0.0,False,0.8343396761838386
21,0.0,3000,0.25,True,0.5815343566192126
21,0.0,250,0.25,True,0.635390353977306
21,0.0,4000,0.3125,True,0.53687908626687
21,0.0,1000,0.25,True,0.6336351484877505
499,0.0,1000,0.3125,True,0.5844452454092629
490,0.0,250,0.5,True,0.4313366608624586
250,0.0,2000,0.0,False,0.5234790573116432
250,0.0,250,0.4375,False,0.5959994642125445
250,0.0,1000,0.3125,True,0.4523516189995541
150,0.0,2000,0.375,True,0.427463296827164
200,0.0,2000,0.125,True,0.4028230838094211
329,0.0,500,0.5625,True,0.4783216854331756
472,0.0,250,0.375,True,0.5788000664297063
472,0.0,1000,0.5,True,0.4682210496865979
242,0.0,2000,0.3125,True,0.5117595926641398
242,0.0,500,0.0,False,0.8820655030932748
242,0.0,1000,0.0,False,0.7770203611807573
180,0.0,1000,0.375,True,0.5272073284754938
33,0.04,2000,0.4375,True,0.6721818111031463
33,0.04,3000,0.375,True,0.6899593455475439
33,0.04,4000,0.6875,True,0.6587288157251263
33,0.04,1000,0.5625,True,0.6727232100190907
33,0.02,2000,0.4375,True,0.6762408750707373
33,0.02,5000,0.4375,True,0.6230826773044497
33,0.02,3000,0.4375,True,0.6281790677590814
33,0.02,1000,0.625,True,0.6642358483726573
33,0.08,2000,0.5625,True,0.645989188513417
33,0.08,4000,0.6875,True,0.6526521626872502
33,0.08,1000,0.25,True,0.6697982066601288
33,0.06,2000,0.3125,True,0.6763005365572261
33,0.06,3000,0.25,True,0.6539311246596035
33,0.06,4000,0.4375,True,0.6463548389159641
33,0.06,1000,0.4375,True,0.6450512084038098
33,0.0,2000,0.625,True,0.7029354975171492
33,0.0,5000,0.6875,True,0.650195556488066
33,0.0,3000,0.25,True,0.7068984188656143
33,0.0,250,0.6875,True,0.6792663117523181
33,0.0,4000,0.25,True,0.6977834605428933
33,0.0,500,0.6875,True,0.7023770186124941
33,0.0,1000,0.25,True,0.7067160226017554
181,0.0,2000,0.125,True,0.6083764983673198
181,0.0,250,0.125,True,0.6097016523229878
181,0.0,1000,0.125,True,0.6065502062089924
176,0.0,500,0.125,False,0.6088259431451718
345,0.0,2000,0.0,False,0.6050120832521899
345,0.0,500,0.0625,True,0.6908356522174635
435,0.0,250,0.625,True,0.5695792911963324
435,0.0,500,0.4375,True,0.6784368764621083
435,0.0,1000,0.625,True,0.569621382206568
443,0.0,500,0.125,True,0.6175641268367789
133,0.0,500,0.1875,True,0.528317362618511
431,0.0,1000,0.3125,True,0.6296184614170024
45,0.04,2000,0.0,False,0.702700076203831
45,0.04,5000,0.0,False,0.5451894349708974
45,0.04,3000,0.0,False,0.6751067123492223
45,0.04,4000,0.0,False,0.7047124519533248
45,0.04,1000,0.0,False,0.6548381565981596
45,0.02,2000,0.0,False,0.6493113051209111
45,0.02,5000,0.0,False,0.551978712546046
45,0.02,3000,0.0,False,0.681236521258451
45,0.02,4000,0.0,False,0.5447456226312396
45,0.02,1000,0.0625,True,0.49761795982269486
45,0.08,2000,0.0,False,0.6394506317994714
45,0.08,3000,0.125,True,0.5208765643900625
45,0.08,1000,0.0,False,0.5212918165806746
45,0.06,2000,0.0,False,0.6663134098507426
45,0.06,3000,0.25,True,0.4469454134786443
45,0.06,4000,0.0,False,0.5685610707343987
45,0.06,1000,0.0,False,0.47441035047089297
45,0.0,2000,0.0,False,0.7074424976435995
45,0.0,5000,0.0,False,0.5681119112541142
45,0.0,3000,0.0,False,0.7055975306313245
45,0.0,250,0.125,True,0.49888185292209164
45,0.0,4000,0.0,False,0.5770920943696523
45,0.0,500,0.0,False,0.643317084448737
45,0.0,1000,0.0,False,0.6702202478058302
269,0.0,500,0.0,False,0.9103235081947475
269,0.0,1000,0.0,False,0.912014927757458
391,0.0,500,0.0625,True,0.347979889536699
284,0.0,2000,0.1875,True,0.4272810807287928
216,0.0,2000,0.0,False,0.7596290080703673
216,0.0,500,0.0,False,0.7220158264725397
166,0.0,2000,0.25,True,0.5218036026538295
166,0.0,500,0.0,False,0.7350807980966085
159,0.0,2000,0.5,True,0.40524983077360643
105,0.0,250,0.4375,True,0.7142272521296925
105,0.0,500,0.3125,True,0.6216859036089218
411,0.0,1000,0.3125,True,0.5221089458443268
151,0.0,2000,0.3125,True,0.5155282052222837
151,0.0,500,0.4375,True,0.5188715268080394
95,0.0,250,0.3125,True,0.6878766426078236
83,0.0,250,0.4375,True,0.69522540362191
83,0.0,500,0.0625,True,0.6458420269139649
399,0.0,250,0.5625,True,0.49082800092658263
272,0.0,2000,0.125,False,0.6812425532898861
272,0.0,1000,0.125,False,0.6993203284430315
7,0.04,2000,0.0,False,0.7944415076005009
7,0.04,5000,0.3125,True,0.49731455368483596
7,0.04,1000,0.0,False,0.7721715131387701
7,0.02,2000,0.1875,True,0.6674432851247599
7,0.02,5000,0.3125,True,0.4946665266318892
7,0.02,3000,0.0,False,0.7557696130306435
7,0.02,4000,0.0,False,0.77083678859859
7,0.02,1000,0.125,False,0.6039487661974845
7,0.08,2000,0.1875,True,0.6195676125885011
7,0.08,3000,0.0,False,0.7036186563033606
7,0.08,4000,0.0,False,0.7071221742886962
7,0.08,1000,0.1875,True,0.620020224309561
7,0.06,2000,0.0,False,0.8023021025406649
7,0.06,3000,0.0,False,0.7089592790236177
7,0.06,4000,0.4375,True,0.5759329169358289
7,0.06,1000,0.1875,True,0.6056473660122104
7,0.0,2000,0.0,False,0.7693289007144795
7,0.0,5000,0.4375,True,0.5446274074931885
7,0.0,3000,0.1875,True,0.7028801200307395
7,0.0,4000,0.0,False,0.7778405758276337
7,0.0,500,0.0,False,0.705927445217926
7,0.0,1000,0.0,False,0.7538675889865096
39,0.04,2000,0.1875,True,0.5928720883121876
39,0.04,5000,0.1875,True,0.6183280958203051
39,0.04,4000,0.4375,True,0.557345097842209
39,0.02,2000,0.3125,True,0.5336955915220293
39,0.02,5000,0.125,True,0.5263909619400149
39,0.02,3000,0.1875,True,0.6579069653702971
39,0.02,4000,0.0625,True,0.6167465850796139
39,0.02,1000,0.4375,True,0.574353444672541
39,0.08,2000,0.1875,True,0.6301660319780816
39,0.08,3000,0.125,True,0.5923666067345772
39,0.08,4000,0.1875,True,0.6136837753409011
39,0.08,1000,0.1875,True,0.5110710236324524
39,0.06,2000,0.1875,True,0.5573684194776062
39,0.06,3000,0.1875,True,0.6601914842402737
39,0.06,4000,0.0,False,0.7808806413223945
39,0.06,1000,0.375,True,0.6661854475016168
39,0.0,2000,0.4375,True,0.5865685412542212
39,0.0,250,0.1875,True,0.6547214291163016
39,0.0,4000,0.25,True,0.6429695109948163
39,0.0,500,0.1875,True,0.7018168849765545
39,0.0,1000,0.25,True,0.604544224959601
271,0.0,2000,0.0625,True,0.6815579334836597
271,0.0,1000,0.0625,True,0.6869756470998256
28,0.04,2000,0.4375,True,0.4829907668911153
28,0.04,5000,0.125,True,0.5126928339092626
28,0.04,3000,0.5,True,0.47888891911883485
28,0.04,4000,0.375,False,0.7322304551804704
28,0.04,1000,0.4375,True,0.48499429708497627
28,0.02,2000,0.375,True,0.4906972291287472
28,0.02,5000,0.1875,True,0.4557857294324435
28,0.02,3000,0.4375,True,0.4670916451945551
28,0.02,4000,0.1875,True,0.4879268372424441
28,0.02,1000,0.375,True,0.477919685528863
28,0.08,2000,0.1875,True,0.49671459686730685
28,0.08,4000,0.0,False,0.6837498757452597
28,0.08,1000,0.0,False,0.7187881333081815
28,0.06,2000,0.25,False,0.46648842082494996
28,0.06,3000,0.6875,True,0.4444265634911895
28,0.06,4000,0.0,False,0.7064160679776168
28,0.06,1000,0.0,False,0.7116612564834371
28,0.0,2000,0.1875,True,0.4868830503709346
28,0.0,5000,0.4375,True,0.49857258634512386
28,0.0,3000,0.1875,True,0.49976698085508436
28,0.0,250,0.375,True,0.46673238136833867
28,0.0,4000,0.0,False,0.6858131203087464
28,0.0,500,0.1875,True,0.561971238583652
28,0.0,1000,0.125,True,0.48914164458324155
137,0.0,250,0.625,True,0.5475090252641275
137,0.0,500,0.5,True,0.49632760736583126
293,0.0,2000,0.25,True,0.69134259649668
293,0.0,1000,0.4375,True,0.6552619062360929
169,0.0,2000,0.125,True,0.6561127961206994
169,0.0,500,0.25,True,0.6015838784829318
140,0.0,2000,0.0625,True,0.698795325752149
140,0.0,250,0.0625,True,0.5829904067892223
140,0.0,500,0.5625,True,0.5346982966424714
18,0.04,2000,0.25,True,0.46734714388721255
18,0.04,5000,0.0,False,0.8579945067772362
18,0.04,4000,0.0,False,0.8317629274929881
18,0.04,1000,0.25,True,0.47592625655208526
18,0.02,2000,0.0,False,0.8927990171867033
18,0.02,5000,0.4375,True,0.48730050157965976
18,0.02,3000,0.25,True,0.4703340538644307
18,0.02,4000,0.25,True,0.48747709905308023
18,0.02,1000,0.25,True,0.47968577639615984
18,0.08,2000,0.125,True,0.5009031837983036
18,0.08,3000,0.125,True,0.5015091323027014
18,0.08,4000,0.0,False,0.7901554570764541
18,0.08,1000,0.25,True,0.4584577345305601
18,0.06,2000,0.125,True,0.4838596090688087
18,0.06,3000,0.0,False,0.7927750202138895
18,0.06,1000,0.375,True,0.48892415119252797
18,0.0,2000,0.25,True,0.5129729509686974
18,0.0,5000,0.4375,True,0.5073181888337984
18,0.0,3000,0.25,True,0.5117422669242623
18,0.0,250,0.25,True,0.5176363191337536
18,0.0,4000,0.4375,True,0.5096981843241836
18,0.0,1000,0.4375,True,0.4892164194702953
179,0.0,2000,0.5,True,0.6809868595431937
48,0.04,2000,0.0,False,0.7342558340233412
48,0.04,5000,0.0625,True,0.5932796810435154
48,0.04,3000,0.3125,True,0.519501941834863
48,0.04,4000,0.0,False,0.7770478393694792
48,0.04,1000,0.3125,True,0.5258020808649277
48,0.02,2000,0.0,False,0.6731831476040525
48,0.02,5000,0.0,False,0.7476165117096992
48,0.02,3000,0.0,False,0.7616691164491775
48,0.02,4000,0.0,False,0.7348225771429268
48,0.02,1000,0.3125,True,0.5457497710671781
48,0.08,2000,0.3125,True,0.49718905170875455
48,0.08,3000,0.0,False,0.6148975677279586
48,0.08,4000,0.0,False,0.7149393233129862
48,0.08,1000,0.0,False,0.6922883812356947
48,0.06,2000,0.0,False,0.6571741050091617
48,0.06,3000,0.3125,True,0.5314269223483569
48,0.06,4000,0.0,False,0.7205633781988857
48,0.06,1000,0.0,False,0.6164142991272432
48,0.0,2000,0.0625,True,0.5820593371994986
48,0.0,5000,0.375,True,0.5127863685617173
48,0.0,3000,0.0,False,0.7962268890612497
48,0.0,250,0.0,False,0.7637111751836627
48,0.0,4000,0.25,True,0.5862159267880879
48,0.0,500,0.3125,True,0.5736528708030374
48,0.0,1000,0.0625,True,0.6071650085815794
40,0.04,2000,0.0625,True,0.45770915474182483
40,0.04,5000,0.1875,True,0.3746638196152347
40,0.04,3000,0.25,True,0.5702994980588502
40,0.04,4000,0.0625,True,0.5800245844048958
40,0.04,1000,0.0625,True,0.46825395420862487
40,0.02,2000,0.25,True,0.4159388455653352
40,0.02,5000,0.3125,True,0.3307559541589374
40,0.02,3000,0.0625,True,0.5729062050821325
40,0.02,4000,0.0625,True,0.5489481353665965
40,0.02,1000,0.0625,True,0.42680650098330347
40,0.08,2000,0.25,True,0.48952591908079945
40,0.08,3000,0.375,True,0.49987659662283834
40,0.08,4000,0.25,True,0.4379845510837993
40,0.08,1000,0.0625,True,0.4700187068092806
40,0.06,2000,0.0625,True,0.4763191046092231
40,0.06,3000,0.1875,True,0.5212582327520592
40,0.06,4000,0.25,True,0.3803616173774531
40,0.06,1000,0.0625,True,0.4800037624128373
40,0.0,2000,0.0625,True,0.4189532220290138
40,0.0,5000,0.3125,True,0.3236072161282135
40,0.0,3000,0.25,True,0.4415660048176396
40,0.0,250,0.5,True,0.36796561306174586
40,0.0,4000,0.375,True,0.3268671654269405
40,0.0,500,0.375,True,0.3770755484010687
40,0.0,1000,0.3125,True,0.4399591208884739
249,0.0,2000,0.375,True,0.5130623297581977
249,0.0,1000,0.3125,True,0.5152584276382176
492,0.0,250,0.4375,True,0.5431049892605969
361,0.0,2000,0.5,True,0.6997662149624112
315,0.0,2000,0.0,False,0.7844277889581613
315,0.0,1000,0.0,False,0.7296734920722995
11,0.04,2000,0.4375,True,0.6151825891123325
11,0.04,5000,0.25,True,0.5563151044849678
11,0.04,4000,0.1875,True,0.6084947210377069
11,0.04,1000,0.0625,True,0.6149088321731355
11,0.02,2000,0.4375,True,0.6423508883532459
11,0.02,5000,0.375,True,0.6429814666071089
11,0.02,3000,0.0625,True,0.6365266830494901
11,0.02,4000,0.0,False,0.8180596957404498
11,0.02,1000,0.0625,True,0.5717498987095505
11,0.08,2000,0.0625,True,0.6227776999002046
11,0.08,3000,0.0,False,0.6626442604197754
11,0.08,4000,0.1875,True,0.6267819939744005
11,0.08,1000,0.0625,True,0.6022041746965382
11,0.06,2000,0.0625,True,0.5605479027571332
11,0.06,3000,0.375,True,0.6225443257566329
11,0.06,4000,0.0,False,0.7494393652431265
11,0.06,1000,0.0625,True,0.5848978602420977
11,0.0,2000,0.25,True,0.6596851960807082
11,0.0,5000,0.0,False,0.861121137253056
11,0.0,3000,0.25,True,0.6895867773695644
11,0.0,250,0.4375,True,0.6480643002163917
11,0.0,4000,0.375,True,0.687082009434975
11,0.0,500,0.4375,True,0.6156934371473232
11,0.0,1000,0.125,True,0.6233420644473023
349,0.0,2000,0.5625,True,0.5244740189636474
349,0.0,1000,0.5625,True,0.5068231172391564
288,0.0,2000,0.0,False,0.7104252567302352
288,0.0,1000,0.0,False,0.6617371411290848
96,0.0,250,0.0,False,0.7321116166963232
96,0.0,500,0.0,False,0.6005865345921655
314,0.0,2000,0.0,False,0.6081885685599344
314,0.0,1000,0.0,False,0.7784106052962121
175,0.0,500,0.1875,True,0.670018912736843
205,0.0,2000,0.125,True,0.6536237400622347
205,0.0,500,0.5,True,0.5255832009821279
205,0.0,1000,0.125,True,0.6715726431032769
358,0.0,2000,0.0,False,0.8446534316198808
358,0.0,1000,0.0,False,0.8292153860374184
240,0.0,2000,0.125,True,0.6173851739367753
485,0.0,1000,0.0,False,0.6124522483440779
368,0.0,2000,0.3125,True,0.638761920091446
368,0.0,250,0.3125,True,0.4998479011334967
174,0.0,500,0.375,True,0.5842356885042673
497,0.0,250,0.3125,True,0.6026814935255044
497,0.0,1000,0.25,True,0.6957456341204636
88,0.0,2000,0.25,True,0.573829993139264
88,0.0,250,0.4375,True,0.5236318302713242
88,0.0,500,0.25,True,0.5665729615292474
323,0.0,2000,0.0,False,0.7814363383780093
323,0.0,1000,0.0,False,0.7842836411435903
86,0.0,2000,0.25,True,0.4933654294373391
86,0.0,250,0.3125,True,0.45268757289144507
194,0.0,2000,0.6875,True,0.5248039441238835
8,0.04,2000,0.5,True,0.3105362346118571
8,0.04,1000,0.375,True,0.5252446140755159
8,0.02,5000,0.5625,True,0.36048309985847504
8,0.08,3000,0.1875,True,0.35386064391685434
8,0.08,4000,0.4375,True,0.42027429744157885
8,0.0,2000,0.5,True,0.3429088598283778
8,0.0,250,0.0625,True,0.5682961241410468
8,0.0,1000,0.375,True,0.4489762844951647
371,0.0,2000,0.25,True,0.6302721704742574
371,0.0,500,0.3125,True,0.6336230898701669
320,0.0,2000,0.0,False,0.6305732400925999
387,0.0,2000,0.4375,True,0.4998446488513029
387,0.0,250,0.25,True,0.4843752404313689
387,0.0,500,0.625,True,0.4516537465102763
16,0.04,4000,0.25,True,0.40028232642783274
16,0.04,1000,0.1875,True,0.5055400338039213
16,0.02,2000,0.25,True,0.5463288792246426
16,0.02,3000,0.1875,True,0.45909535833103776
16,0.02,4000,0.0625,True,0.4833115717295771
16,0.02,1000,0.1875,True,0.4386810211706194
16,0.08,2000,0.25,True,0.3975073795974458
16,0.08,3000,0.25,True,0.4184707264889666
16,0.08,4000,0.1875,True,0.4148304620802804
16,0.08,1000,0.25,True,0.3974782861646658
16,0.06,2000,0.25,True,0.437020977719843
16,0.06,3000,0.1875,True,0.4282307705017845
16,0.06,4000,0.0625,True,0.4866018140366163
16,0.06,1000,0.1875,True,0.4077498126219702
16,0.0,2000,0.125,True,0.45976014265233
16,0.0,5000,0.375,True,0.40136157821824997
16,0.0,3000,0.0,False,0.6912942207026106
16,0.0,250,0.5625,True,0.516431890831411
16,0.0,4000,0.0625,True,0.5141865551806322
16,0.0,500,0.5625,True,0.5513135042549684
16,0.0,1000,0.0,False,0.7042501442740609
84,0.0,2000,0.5625,True,0.5716403895006492
84,0.0,500,0.5625,True,0.5711092347955198
215,0.0,2000,0.125,True,0.5682131895358343
215,0.0,500,0.4375,True,0.7145341852559328
481,0.0,500,0.5625,True,0.5975426245808332
425,0.0,250,0.1875,True,0.34575942583355934
425,0.0,500,0.25,True,0.44360520461701897
303,0.0,500,0.0,False,0.5956048233589146
303,0.0,1000,0.0,False,0.6158362300500413
127,0.0,500,0.125,True,0.7093165546838541
419,0.0,1000,0.3125,True,0.5347434168102209
113,0.0,250,0.0,False,0.6377994120917665
382,0.0,2000,0.0625,True,0.6222577024712133
382,0.0,250,0.0625,True,0.5765574537138389
382,0.0,500,0.125,True,0.5842248040129233
382,0.0,1000,0.0625,True,0.5890180399447685
81,0.0,2000,0.25,True,0.620618298535554
81,0.0,250,0.25,True,0.5184044241074267
154,0.0,500,0.0,False,0.70710899537856
126,0.0,500,0.5,True,0.5692276632256802
126,0.0,1000,0.3125,True,0.5781332693197466
378,0.0,2000,0.0625,True,0.5592912185657309
58,0.0,2000,0.25,True,0.6223305192410447
58,0.0,500,0.0,False,0.7456714598949933
376,0.0,2000,0.0,False,0.5976528271666507
376,0.0,250,0.0,False,0.6115897077659681
376,0.0,1000,0.0,False,0.6359215268275763
248,0.0,2000,0.25,True,0.6246785830769914
36,0.04,5000,0.0,False,0.7212483778724573
36,0.04,3000,0.4375,True,0.4940852279620597
36,0.04,4000,0.0,False,0.7410102653544031
36,0.04,1000,0.4375,True,0.49521898875374026
36,0.02,2000,0.25,True,0.500036443211846
36,0.02,5000,0.1875,True,0.6573970777274672
36,0.02,3000,0.0,False,0.8269927579452728
36,0.02,1000,0.375,True,0.48993807084011864
36,0.08,2000,0.0,False,0.6965507543413264
36,0.08,3000,0.0,False,0.742982642002211
36,0.08,4000,0.0,False,0.7642108134843776
36,0.08,1000,0.0,False,0.7008591866006167
36,0.06,2000,0.0,False,0.7527618954642162
36,0.06,3000,0.0,False,0.8319593404282588
36,0.06,4000,0.0,False,0.7707702849436909
36,0.06,1000,0.25,True,0.47127825607388596
36,0.0,2000,0.375,True,0.5184595181747632
36,0.0,5000,0.1875,True,0.6715898804838608
36,0.0,3000,0.3125,True,0.528062310041524
36,0.0,250,0.375,True,0.5229771862093516
36,0.0,4000,0.3125,True,0.5551545716980981
36,0.0,500,0.25,True,0.5185643918618891
36,0.0,1000,0.375,True,0.5186645338995827
331,0.0,500,0.5625,True,0.574848041677328
331,0.0,1000,0.125,True,0.5926052990224576
144,0.0,2000,0.0,False,0.570316882826222
144,0.0,500,0.0625,True,0.543372643269656
47,0.04,2000,0.375,True,0.5658879599354236
47,0.04,3000,0.25,True,0.5166296796993782
47,0.04,4000,0.4375,True,0.5590579937345291
47,0.02,2000,0.5625,True,0.5736955544919908
47,0.02,5000,0.25,True,0.5261495079213149
47,0.02,4000,0.25,True,0.5727910496292661
47,0.02,1000,0.5625,True,0.5401378509346219
47,0.08,2000,0.25,True,0.5630398618387072
47,0.08,3000,0.25,True,0.6448909073879925
47,0.08,4000,0.25,True,0.6408209199638646
47,0.08,1000,0.4375,True,0.5773560100226205
47,0.06,2000,0.375,True,0.5224864506650478
47,0.06,3000,0.4375,True,0.5747081087581988
47,0.06,4000,0.4375,True,0.48930373019834494
47,0.06,1000,0.375,True,0.5655138408877423
47,0.0,2000,0.375,True,0.5483072612003687
47,0.0,5000,0.25,True,0.5309290524695683
47,0.0,3000,0.25,True,0.5558073864141869
47,0.0,250,0.375,True,0.5527737843484563
47,0.0,4000,0.5,True,0.5305409881305317
47,0.0,500,0.375,True,0.5626997619866606
47,0.0,1000,0.375,True,0.5320826047035455
79,0.0,2000,0.375,True,0.4640767571982574
79,0.0,250,0.375,True,0.5024585363505366
79,0.0,500,0.5625,True,0.5022336080146058
160,0.0,1000,0.5625,True,0.509722428716902
300,0.0,1000,0.0,False,0.6530835345889672
325,0.0,2000,0.0625,True,0.7426164433597471
325,0.0,500,0.3125,True,0.5223535404169521
325,0.0,1000,0.0625,True,0.5922241663267495
42,0.04,2000,0.125,True,0.5910368140258551
42,0.04,5000,0.25,True,0.46420390085262425
42,0.04,3000,0.4375,True,0.6049715803764736
42,0.04,4000,0.1875,True,0.5008403941030052
42,0.04,1000,0.25,True,0.6524042849841193
42,0.02,2000,0.1875,True,0.5057933355292142
42,0.02,5000,0.375,True,0.5031958069833896
42,0.02,3000,0.375,True,0.5141536043258749
42,0.02,4000,0.375,True,0.5065146248472087
42,0.02,1000,0.25,True,0.5328672499020093
42,0.08,2000,0.25,True,0.6044627082427214
42,0.08,3000,0.4375,True,0.6512117787457854
42,0.08,4000,0.1875,True,0.540340906137202
42,0.08,1000,0.625,True,0.619083803512333
42,0.06,2000,0.25,True,0.620235915876219
42,0.06,3000,0.125,True,0.5138591592912033
42,0.06,4000,0.1875,True,0.5368394856180814
42,0.06,1000,0.1875,True,0.646032056535842
42,0.0,2000,0.375,True,0.6476370402771333
42,0.0,5000,0.375,True,0.5447319832931172
42,0.0,3000,0.25,True,0.5982700759416504
42,0.0,250,0.3125,True,0.592453041340286
42,0.0,4000,0.25,True,0.48227345186403786
42,0.0,500,0.25,True,0.6369740712230748
42,0.0,1000,0.3125,True,0.6313321422496688
